suburb,state
Acton,ACT
Ainslie,ACT
Amaroo,ACT
Aranda,ACT
Banks,ACT
Barton,ACT
Beard,ACT
Belconnen,ACT
Bonner,ACT
Bonython,ACT
Braddon,ACT
Bruce,ACT
Calwell,ACT
Campbell,ACT
Canberra Airport,ACT
Capital Hill,ACT
Casey,ACT
Chapman,ACT
Charnwood,ACT
Chifley,ACT
Chisholm,ACT
City,ACT
Conder,ACT
Cook,ACT
Coombs,ACT
Crace,ACT
Curtin,ACT
Deakin,ACT
Denman Prospect,ACT
Dickson,ACT
Downer,ACT
Duffy,ACT
Dunlop,ACT
Evatt,ACT
Fadden,ACT
Farrer,ACT
Fisher,ACT
Florey,ACT
Flynn,ACT
Forde,ACT
Forrest,ACT
Franklin,ACT
Fraser,ACT
Fyshwick,ACT
Garran,ACT
Gilmore,ACT
Giralang,ACT
Gordon,ACT
Gowrie,ACT
Greenway,ACT
Griffith,ACT
Gungahlin,ACT
Hackett,ACT
Hall,ACT
Harrison,ACT
Hawker,ACT
Higgins,ACT
Holder,ACT
Holt,ACT
Hughes,ACT
Hume,ACT
Isaacs,ACT
Isabella Plains,ACT
Jacka,ACT
Kaleen,ACT
Kambah,ACT
Kingston,ACT
Latham,ACT
Lawson,ACT
Lyneham,ACT
Lyons,ACT
Macarthur,ACT
Macgregor,ACT
Macquarie,ACT
Mawson,ACT
McKellar,ACT
Melba,ACT
Mitchell,ACT
Molonglo,ACT
Monash,ACT
Moncrieff,ACT
Narrabundah,ACT
Ngunnawal,ACT
Nicholls,ACT
O'Connor,ACT
O'Malley,ACT
Oaks Estate,ACT
Oxley,ACT
Page,ACT
Palmerston,ACT
Parkes,ACT
Pearce,ACT
Phillip,ACT
Pialligo,ACT
Red Hill,ACT
Reid,ACT
Richardson,ACT
Rivett,ACT
Russell,ACT
Scullin,ACT
Spence,ACT
Stirling,ACT
Symonston,ACT
Tharwa,ACT
Theodore,ACT
Throsby,ACT
Torrens,ACT
Turner,ACT
Uriarra Village,ACT
Wanniassa,ACT
Waramanga,ACT
Watson,ACT
Weetangera,ACT
Weston,ACT
Wright,ACT
Yarralumla,ACT
Googong,ACT
Jerrabomberra,NSW
Carwoola,NSW
Greenleigh,NSW
Karabar,NSW
Queanbeyan West,NSW
The Ridgeway,NSW
Queanbeyan East,NSW
Crestwood,NSW
Queanbeyan,NSW
